Title,Location,Latitude,Longitude
180,Randall Musuem,37.739795,-122.425578
180,555 Market St.,37.7898899,-122.3999304
180,Mason & California Streets (Nob Hill),37.791835,-122.410818
180,Justin Herman Plaza,37.732743,-122.421741
180,200 block Market Street,37.795219,-122.420782
180,Epic Roasthouse (399 Embarcadero),37.795219,-122.420782
180,City Hall,37.795219,-122.420782
180,Polk & Larkin Streets,37.787279,-122.42002
24 Hours on Craigslist,,37.795219,-122.420782
48 Hours,,37.795219,-122.420782
50 First Dates,Rainforest Café (145 Jefferson Street),37.795219,-122.420782
About a Boy,Crissy Field,37.802934,-122.467274
About a Boy,Powell from Bush and Sutter,37.789225,-122.408595
About a Boy,Broderick from Fulton to McAlister,37.787856,-122.44211
After the Thin Man,Coit Tower,37.795219,-122.420782
A Jitney Elopement,20th and Folsom Streets,37.758896,-122.41469
A Jitney Elopement,Golden Gate Park,37.779564,-122.431952
Alcatraz,Filbert St. from Jones to Mason,37.800547,-122.415943
Alcatraz,Leavenworth from Filbert & Francisco St,37.804143,-122.417763
Alcatraz,Chestnut St. from Larkin to Columbus,37.802695,-122.42148
Alcatraz,Francisco St from Larkin to Polk,37.804143,-122.417763
Alcatraz,Broadway from Mason to Taylor,37.796095,-122.42011
Alcatraz,Taylor St. from Broadway to Filbert,37.79432,-122.413011
Alexander's Ragtime Band,Cliff House (1090 Point Lobos Avenue),37.795219,-122.420782
Alexander's Ragtime Band,San Francisco Bay,37.795219,-122.420782
Alexander's Ragtime Band,"Fairmont Hotel (950 Mason Street, Nob Hill)",37.738952,-122.425815
All About Eve,Curran Theater (445 Geary Street),37.795219,-122.420782
American Graffiti,"Mel's Drive-In (Corner of Van Ness & Mission Street, Mission District)",37.795219,-122.420782
American Graffiti,3355 Geary Blvd.,37.7811714,-122.4548798
American Yearbook,,37.795219,-122.420782
A Night Full of Rain,Embarcadero Freeway,37.794996,-122.394324
A Night Full of Rain,"Fairmont Hotel (950 Mason Street, Nob Hill)",37.738952,-122.425815
A Night Full of Rain,San Francisco Chronicle (901 Mission Street at 15th Street),37.795219,-122.420782
A Night Full of Rain,Broadway (North Beach),37.796095,-122.42011
Another 48 Hours,,37.795219,-122.420782
Ant-Man,Intersection of California at Polk,37.795219,-122.420782
Ant-Man,Grant between Bush and Broadway,37.797821,-122.407016
Ant-Man,Intersection of Broadway at Kearney,37.795219,-122.420782
Ant-Man,Market between Stuart and Van Ness,37.775645,-122.418703
Ant-Man,"Treasure Lisland, Building #1, Ave of the Palms",37.791128,-122.40113
Ant-Man,Conzelman Rd at McCollough Rd and down Concelman Rd.,37.795219,-122.420782
Ant-Man,Lombard at Hyde,37.801995,-122.419614
Ant-Man,601 Buena Vista Ave West at Java St.,37.766954,-122.443694
Ant-Man,420 Jones St. at Ellis St.,37.784866,-122.412782
Ant-Man,Broadway between Powell and Davis,37.798881,-122.398696
Ant-Man,Columbus between Bay and Washington,37.795532,-122.403317
Ant-Man,California between Kearney and Davis,37.793509,-122.397607
Ant-Man,Pine between Kearney and Davis,37.795219,-122.420782
Around the Fire,Ocean Beach,37.726785,-122.466073
A Smile Like Yours,75 California Street,37.793546959184,-122.39730895918
A Smile Like Yours ,Grace Cathedral Episcopal Church (1100 California Street),37.775607,-122.415485
A Smile Like Yours ,Hills Brothers Plaza (Embarcadero at Harrison Street),37.795219,-122.420782
A Smile Like Yours ,San Francisco International Airport,37.795219,-122.420782
Attack of the Killer Tomatoes,Hyde Street Cable Car,37.794567,-122.418112
A View to a Kill,Chinatown,37.794993,-122.40767
A View to a Kill,"Burger Island (901 3rd Street, China Basin)",37.795219,-122.420782
A View to a Kill,Van Ness Avenue,37.788489,-122.421949
A View to a Kill,Taylor and Jefferson Streets (Fisherman's Wharf),37.808214,-122.415802
A View to a Kill,City Hall,37.795219,-122.420782
A View to a Kill,Port of San Francisco ,37.795219,-122.420782
A View to a Kill,"Lefty O' Doul Drawbridge/ 3rd Street Bridge (3rd Street, China Basin)",37.795219,-122.420782
A View to a Kill,Golden Gate Bridge,37.810977,-122.477578
A View to a Kill,Embarcadero Freeway,37.794996,-122.394324
A View to a Kill,Potrero Hill,37.760661,-122.407066
A View to a Kill,City Hall,37.795219,-122.420782
Babies,,37.795219,-122.420782
Barbary Coast,,37.795219,-122.420782
Basic Instinct,Gibb Street (Chinatown),37.796064,-122.404068
Basic Instinct,2104 Broadway,37.7949451,-122.4320437
Basic Instinct,Raw Hide II (280 Seventh Street),37.795219,-122.420782
Basic Instinct,Pier 7 (The Embarcadero),37.794996,-122.394324
Basic Instinct,Kearney Street (Telegraph Hill),37.791691,-122.40422
Basic Instinct,Hall of Justice (850 Bryant Street),37.732622,-122.407024
Basic Instinct,2930 Vallejo Street,37.7941645,-122.4457041
Basic Instinct,Chinatown,37.794993,-122.40767
Basic Instinct,1158-70 Montgomery Street,37.789766,-122.402133
Basic Instinct,"Steinhart Aquarium (California Academy of Sciences, Golden Gate Park)",37.795219,-122.420782
Basic Instinct,Tosca Café (242 Columbus Avenue),37.795219,-122.420782
Basic Instinct,Transbay Terminal (Mission Street at 1st Street),37.795219,-122.420782
Basic Instinct,Yuerba Buena Center for the Arts,37.810058,-122.367457
Beaches,,37.795219,-122.420782
Bedazzled,Vaillancourt Fountain (Justin Herman Plaza),37.795219,-122.420782
Bedazzled,Montgomery & Market Streets,37.789263,-122.401375
Bedazzled,"Washington Square Park (Filbert, between Stockton and Powell)",37.794737,-122.409722
Bedazzled,1155 Filbert Street at Hyde,37.800134,-122.419232
Bedazzled,City Hall,37.795219,-122.420782
Bee Season,,37.795219,-122.420782
Bicentennial Man,City Hall,37.795219,-122.420782
Bicentennial Man,Golden Gate Bridge,37.810977,-122.477578
Bicentennial Man,Treasure Island,37.815742,-122.371546
Bicentennial Man,"Postcard Row, Alamo Square, Hayes Valley",37.795219,-122.420782
Bicentennial Man,Grace Cathedral Episcopal Church (1100 California Street),37.775607,-122.415485
Big Eyes,Harry's Bar on Fillmore,37.799147,-122.429764
Big Eyes,Nobles Alley,37.801012,-122.407101
Big Eyes,Caffe Trieste,37.795219,-122.420782
Big Eyes,Palace of Fine Arts,37.795219,-122.420782
Big Eyes,1101 Filbert St. ,37.8001858,-122.4177928
Big Eyes,Saints Peter & Paul Church,37.795219,-122.420782
Big Eyes,Green St. & Grant Ave.,37.799704,-122.407395
Big Eyes,Filbert St. & Leavenworth,37.800458,-122.416648
Big Eyes,Pine St. & Grant,37.791498,-122.405742
Big Eyes,Way Faire Inn on Leidsdorff,37.795219,-122.420782
Big Sur,"Tosca Café (242 Columbus Avenue, North Beach)",37.795219,-122.420782
Big Touble in Little China,,37.795219,-122.420782
Birdman of Alcatraz,Alcatraz Island,37.795219,-122.420782
Birdman of Alcatraz,Pier 43 1/2,37.794996,-122.394324
Blue Jasmine,The Ramp Restaurant,37.795219,-122.420782
Blue Jasmine,303-305 S. Van Ness,37.768339693878,-122.41779559184
Blue Jasmine,3563 20th St.,37.758551315789,-122.42040168421
Blue Jasmine,Taylor & Green St.,37.798888,-122.41393
Blue Jasmine,Grant & Washington St.,37.795144,-122.406476
Blue Jasmine,2934 24th St.,37.7529368,-122.4106225
Blue Jasmine,1138 Alabama St,37.7536458,-122.4113325
Blue Jasmine,2915 16th St.,37.7649293,-122.4179093
Blue Jasmine,Trolly Car from Market and 11th,37.795219,-122.420782
Blue Jasmine,Real Guitars,37.795219,-122.420782
Blue Jasmine,Aub Zam Zam Bar,37.795219,-122.420782
Blue Jasmine,790 Ulloa ,37.740661122449,-122.46485012245
Blue Jasmine,SFO International Airport Terminal 3,37.795219,-122.420782
Blue Jasmine,2178 Palou Ave.,37.7407325,-122.4017283
Blue Jasmine,South Park,37.768889,-122.388354
Blue Jasmine,Jones & Pacific,37.793852,-122.414596
Blue Jasmine,Pacific & Divisadero,37.792511,-122.441333
Blue Jasmine,Lombard & Hyde,37.801995,-122.419614
Blue Jasmine,5546 Geary Ave,37.780608,-122.4791525
Blue Jasmine,2898 Broadway,37.7933353,-122.4447098
Blue Jasmine,Motel Capri,37.795219,-122.420782
Blue Jasmine,Marina Green,37.806498,-122.4361
Blue Jasmine,Ocean Beach at Lincoln,37.726785,-122.466073
Blue Jasmine,Heald College,37.795219,-122.420782
Blue Jasmine,Marina Blvd from Leguna to Baker,37.806402,-122.437461
Blue Jasmine,330 Santa Clara Ave.,37.7342094,-122.4664987
Blue Jasmine,200 Post St. ,37.7889323,-122.4055127
Blue Jasmine,2179 48th Ave,37.7455528,-122.5072581
Boys and Girls,1122 Folsom Street,37.776392,-122.4086856
Boys and Girls,Golden Gate Bridge,37.810977,-122.477578
Boys and Girls,"St. Peter & Paul's Church (666 Filbert Street, Washington Square)",37.795219,-122.420782
Boys and Girls,628 Cole Street,37.7691683,-122.4503029
Boys and Girls,Alcatraz Island,37.795219,-122.420782
Boys and Girls,Aquatic Park (Jefferson Street),37.795219,-122.420782
Boys and Girls,Chinatown,37.794993,-122.40767
Boys and Girls,Lombard Street,37.802201,-122.417966
Boys and Girls,City Hall,37.795219,-122.420782
Boys and Girls,Coit Tower,37.795219,-122.420782
Boys and Girls,Ferry Building,37.795219,-122.420782
Boys and Girls,Fisherman's Wharf,37.808966,-122.415843
Broken-A Modern Love Story ,Ina Coolbrith Park (1700 Taylor Street),37.724083,-122.423983
Broken-A Modern Love Story ,0-100 block Halleck Street,37.795219,-122.420782
Bullitt,Café Cantata (2040 Union Street),37.795219,-122.420782
Bullitt,Bayshore Blvd near Cesar Chavez (Bayview),37.725516,-122.401471
Bullitt,Taylor & Vallejo Streets (Russian Hill),37.797957,-122.413744
Bullitt,"SF General Hospital Center (1001 Potrero Avenue, Potrero Hill)",37.795219,-122.420782
Bullitt,McClaren Park (Vistacon Valley),37.795219,-122.420782
Bullitt,Mark Hopkins Hotel (999 California Street),37.790199,-122.404671
Bullitt,Marina Green (Marina District),37.805368,-122.44565
Bullitt,Mansell & University Streets (Vistacon Valley),37.719074,-122.41099
Bullitt,Larkin & Francisco Streets (Russian Hill),37.803546,-122.42183
Bullitt,Larkin & Chestnut Streets (Russian Hill),37.802695,-122.42148
Bullitt,Kennedy Hotel (226 Embarcadero at Howard Street),37.795219,-122.420782
Bullitt,John Muir Drive (Lake Merced),37.708232,-122.486042
Bullitt,Intersection of York & Peralta (Bernal Heights),37.795219,-122.420782
Bullitt,Filbert & Taylor Streets (Russian Hill),37.800757,-122.414303
Bullitt,Enrico's Café (504 Broadway),37.795219,-122.420782
Bullitt,Columbus & Lombard Streets (North Beach),37.802743,-122.413719
Bullitt,Cesar Chavez & Mission Street (Mission),37.748166,-122.418221
Bullitt,"Candlestick Park Exit, Highway 101",37.795219,-122.420782
Bullitt,Brocklebank Apartments (1000 Mason Street),37.795219,-122.420782
Bullitt,Bay Bridge,37.814343,-122.358463
Bullitt,2700 Vallejo Street (Pacific Heights),37.7946325,-122.4420266
Bullitt,20th & Vermont Streets (Potrero Hill),37.759558,-122.404011
Bullitt,1153-57 Taylor Street,37.783051121951,-122.41073221951
Burglar,California Academy of Sciences (Golden Gate Park),37.787438,-122.445402
Burglar,1400 18th Street,37.7626835,-122.3968488
Burglar,1627 Haight Street,37.769724333333,-122.44915641667
Burglar,Green Valley Restaurant (510 Green Street Near Grant),37.798394,-122.417829
By Hook or By Crook,"Department of Public Health (101 Grove Street at Polk, Civic Center)",37.795219,-122.420782
By Hook or By Crook,"Royan Hotel (405 Valencia Street, Mission District)",37.795219,-122.420782
By Hook or By Crook,The Lexington Club (3464 19th Street at Lexington),37.795219,-122.420782
Can't Stop the Music,101 Henry Adams Place,37.7681092,-122.4035207
Casualties of War,Mission Delores Park (Mission District) via J-Church MUNI Train,37.795219,-122.420782
Chan is Missing,"Li Po (916 Grant Avenue at Washington, Chinatown)",37.795219,-122.420782
Chan is Missing,Golden Dragon Restaurant (816 Washington Street at Grant),37.791934,-122.415475
Cherish,387 Fair Oaks at 25th Street,37.750304,-122.42383
Chu Chu and the Philly Flash,22nd and Carolina Streets (Potrero Hill),37.795219,-122.420782
Chu Chu and the Philly Flash,"Fairmont Hotel (950 Mason Street, Nob Hill)",37.738952,-122.425815
Chu Chu and the Philly Flash,Transbay Terminal (Mission Street at 1st Street),37.795219,-122.420782
City of Angels,San Francisco Public Library Main Branch (100 Larkin Street),37.795219,-122.420782
Class Action,Bix Restaurant (56 Gold Street),37.795219,-122.420782
Class Action,City Hall,37.795219,-122.420782
Class Action,"Mission Delores (3321 16th Street, Mision District)",37.795219,-122.420782
Common Threads: Stories From the Quilt,The Castro,37.795219,-122.420782
Confessions of a Burning Man,,37.795219,-122.420782
Copycat,Twin Peaks,37.757588,-122.447915
Copycat,Treasure Island,37.815742,-122.371546
Copycat,Sound Factory (1st and Harrison Streets),37.795219,-122.420782
Copycat,"Java House (Pier 40, Embarcadero)",37.766954,-122.443694
Copycat,Alta Plaza Park,37.801707,-122.402935
Copycat,82 & 67 Rico Way (Marina District),37.795219,-122.420782
Crackers,24th Street between Mission Street and Potrero Avenue,37.753004,-122.406336
Crackers,La Rondalla (Valencia and 20th Streets),37.795219,-122.420782
CSI: NY- episode 903,Palace of Fine Arts,37.795219,-122.420782
Dark Passage,"Filbert Steps, Filbert Street",37.800547,-122.415943
Dark Passage,Golden Gate Bridge,37.810977,-122.477578
Dark Passage,The Malloch Apartment Building (1360 Montgomery Street),37.795219,-122.420782
Dawn of the Planet of the Apes,California & Powell ,37.792043,-122.409171
Dawn of the Planet of the Apes,Alioto Park,37.795219,-122.420782
Dawn of the Planet of the Apes,Columbus & Pacific Ave,37.797065,-122.405513
Dawn of the Planet of the Apes,University Club,37.726517,-122.414072
Dawn of the Planet of the Apes,Filbert St. from Hyde to Leavenworth,37.800547,-122.415943
Dawn of the Planet of the Apes,California St from Mason to Kearny,37.787438,-122.445402
Dawn of the Planet of the Apes,City Hall,37.795219,-122.420782
Days of Wine and Roses,,37.795219,-122.420782
Desperate Measures,,37.795219,-122.420782
Dim Sum: A Little Bit of Heart,San Francisco International Airport,37.795219,-122.420782
Dim Sum: A Little Bit of Heart,"Li Po (916 Grant Avenue at Washington, Chinatown)",37.795219,-122.420782
Dim Sum: A Little Bit of Heart,Chinatown,37.794993,-122.40767
Dirty Harry,Mission Delores Park (Mission District),37.795219,-122.420782
Dirty Harry,"Marina Green, Marina District",37.805368,-122.44565
Dirty Harry,"Washington Square, North Beach",37.794489,-122.411663
Dirty Harry,The Embarcadero,37.794996,-122.394324
Dirty Harry,"St. Peter & Paul's Church (666 Filbert Street, Washington Square)",37.795219,-122.420782
Dirty Harry,San Francisco Drydock (20th and Illinois Streets),37.795219,-122.420782
Dirty Harry,Portsmouth Square (Chinatown),37.795219,-122.420782
Dirty Harry,"Mt. Davidson Cross, Mt. Davidson",37.795219,-122.420782
Dirty Harry,"Kezar Stadium, Golden Gate Park",37.771428,-122.45398
Dirty Harry,Holiday Inn Select Downtown Hotel (750 Kearney Street),37.745028,-122.405574
Dirty Harry,Hall of Justice (850 Bryant Street),37.732622,-122.407024
Dirty Harry,Forest Hill Station- MUNI,37.810468,-122.366766
Dirty Harry,Dante Building (1606 Stockton Street at Union),37.795219,-122.420782
Dirty Harry,"California Hall (625 Polk Street, Van Ness/Civic Center)",37.818114,-122.370428
Dirty Harry,Bank of America Building (555 California Street),37.795219,-122.420782
D.O.A,Powell & California Streets,37.792043,-122.409171
D.O.A,Market Street (from 6th- 4th Streets),37.774358,-122.420254
D.O.A,Market & Steuart Streets (Financial District),37.79448,-122.394748
D.O.A,Mark Hopkins Intercontinental Hotel (1 Nob Hill Circle),37.790199,-122.404671
D.O.A,Chambord Apartments (1298 Sacramento Street at Jones),37.795219,-122.420782
D.O.A,Westin St. Francis Hotel (335 Powell Street),37.795219,-122.420782
D.O.A,Union Square,37.799616,-122.415762
D.O.A,Southern Pacific Memorial Hospital (1400 Fell Street),37.795219,-122.420782
D.O.A,The Embarcadero/ Ferry Building,37.794996,-122.394324
Doctor Doolittle,Webster Street,37.783508,-122.430989
Doctor Doolittle,2107 Union Street,37.7970743,-122.4340095
Doctor Doolittle,2100 Green Street,37.7965895,-122.4339807
Doctor Doolittle,Gabbiano's Restaurant (Ferry Building),37.795219,-122.420782
Doctor Doolittle,Larkin & Hyde Streets,37.789829,-122.418843
Doctor Doolittle,Telegraph Hill Blvd (Telegraph Hill),37.801862,-122.405472
Doctor Doolittle,Coit Tower,37.795219,-122.420782
Dopamine,"Fort Point (Presidio, Golden Gate National Recreation Area)",37.761953,-122.43065
Dopamine,"South Park (Between 2nd and 3rd Streets, Brannan and Bryant Streets)",37.76881,-122.389294
Down Periscope,,37.795219,-122.420782
Dr. Doolittle 2,"West Chrissy Field (Presidio, Golden Gate National Recreation Area)",37.795219,-122.420782
Dr. Doolittle 2,"Sacramento St., Between Pierce & Broderick Streets ",37.788781,-122.442297
Dr. Doolittle 2,Hyde Street & Lombard Street,37.801995,-122.419614
Dr. Doolittle 2,"Building 924, Presido (Golden Gate National Recreation Area)",37.795219,-122.420782
Dr. Doolittle 2,"Broadway, Between Franklin & Laguna Streets",37.794895,-122.429989
Dream for an Insomniac,Baker Beach,37.790555,-122.48091
Dream for an Insomniac,Elbo Room (647 Valencia Street),37.795219,-122.420782
Dream with the Fishes,Bay Bridge,37.814343,-122.358463
Dream with the Fishes,Pier 39,37.794996,-122.394324
Dying Young,,37.795219,-122.420782
Edtv,Palace of Fine Arts (3301 Lyon Street),37.795219,-122.420782
Edtv,20th & Connecticut Streets (Potrero Hill),37.759966,-122.397249
Edtv,19 Green Street (North Beach),37.7228039,-122.3990918
Edtv,1138 Filbert Street,37.8005661,-122.4182791
Edtv,"Castro Theatre (429 Castro Street, The Castro)",37.754494,-122.434394
Edtv,North Beach Video (1398 Grant Avenue at Green),37.795219,-122.420782
Edtv,"Center for the Arts, Yerba Buena Gardens (701 Mission Street)",37.781942,-122.394407
Edtv,Mario's Bohemian Cigar Store (Washington Square),37.752592,-122.425865
Edtv,Moose's Restaurant (1652 Stockton),37.795219,-122.420782
Escape From Alcatraz,Alcatraz Island,37.795219,-122.420782
Experiment in Terror,Roaring Twenties Nightclub (555 Broadway at Columbus),37.795219,-122.420782
Experiment in Terror,George Washington High School (600 32nd Avenue ),37.73062,-122.38227
Experiment in Terror,"Wells Fargo Bank (1 California Street, Financial District)",37.795219,-122.420782
Experiment in Terror,The Sea Captain's Chest (Fisherman's Wharf),37.795219,-122.420782
Experiment in Terror,"Sheraton Palace Hotel (2 Montgomery Street, Financial District)",37.795219,-122.420782
Experiment in Terror,Candlestick Park,37.795219,-122.420782
Experiment in Terror,2632 Larkin Street at Lombard,37.801758,-122.421258
Experiment in Terror,100 St. Germain Avenue,37.795219,-122.420782
Experiment in Terror,1 Monthgomery Street at Post,37.795219,-122.420782
Faces of Death,,37.795219,-122.420782
Family Plot,Nob Hill,37.795219,-122.420782
Family Plot,Grace Cathedral Episcopal Church (1100 California Street),37.775607,-122.415485
Family Plot,"Fairmont Hotel (950 Mason Street, Nob Hill)",37.738952,-122.425815
Family Plot,2230 Sacramento Street,37.790548,-122.4305557
Fandom,,37.795219,-122.420782
Fathers' Day,,37.795219,-122.420782
Fat Man and Little Boy,"Postcard Row (Alamo Square, Hayes Valley)",37.795219,-122.420782
Fearless,400 Montgomery Street,37.7931486,-122.4025672
Fearless,"San Francisco General Hospital Medical Center (1001 Potrero Avenue, Potrero Hill)",37.795219,-122.420782
Fearless,Bank of America Building (555 California Street),37.795219,-122.420782
Fearless,90 Gold Street,37.7968047,-122.4032004
Fearless,5th and Beale Streets,37.782989,-122.463351
Fearless,Kohl Building (400 Montgomery Street),37.795219,-122.420782
Fearless,"St. Peter & Paul's Church (666 Filbert Street, Washington Square)",37.795219,-122.420782
Fearless,Varennes Alley between Filbert and Union,37.800737,-122.406801
Fearless,Folsom Street & Embarcadero,37.772812,-122.412824
Final Analysis,"Westin St. Francis Hotel (335 Powell Street, Union Square)",37.795219,-122.420782
Final Analysis,City Hall,37.795219,-122.420782
Final Analysis,"Presidio, Golden Gate National Recreation Area",37.788257,-122.460315
Final Analysis,"Public Health Service Hospital (Presidio, Golden Gate National Recreation Area)",37.795219,-122.420782
Final Analysis,Bix Restaurant (56 Gold Street),37.795219,-122.420782
Flower Drum Song,Chinatown,37.794993,-122.40767
Flower Drum Song,Golden Gate Bridge,37.810977,-122.477578
Flubber,Treasure Island,37.815742,-122.371546
Forrest Gump,Palace of Fine Arts (3301 Lyon Street),37.795219,-122.420782
Forty Days and Forty Nights,"The Walden House, Buena Vista Park",37.795219,-122.420782
Forty Days and Forty Nights,Café Trieste (609 Vallejo),37.795219,-122.420782
Foul Play,War Memorial Opera House (401 Van Ness Avenue),37.795219,-122.420782
Foul Play,Sutter & Buchannan Streets,37.786504,-122.429979
Foul Play,Sutter & Baker Streets,37.784827,-122.443183
Foul Play,Sokoji-Soto Zen Buddhist Temple (1691 Laguna Street),37.795219,-122.420782
Foul Play,Sacramento & Hyde Streets (Nob Hill),37.791923,-122.417582
Foul Play,"Postcard Row (Alamo Square, Hayes Valley)",37.795219,-122.420782
Foul Play,Pawtrero Hill Bathhouse & Feed Co. (199 Mississippi Street),37.760661,-122.407066
Foul Play,Octavia & Hayes Streets (Hayes Valley),37.776674,-122.424623
Foul Play,"Hayes Valley Care (601 Laguna Street, Hayes Valley)",37.775417,-122.434483
Foul Play,Laguna & Sacramento Streets (Pacific Heights),37.784953,-122.427989
Foul Play,Montgomery & Pine Streets (Financial District),37.791899,-122.402571
Foul Play,Flood Building (870 Market Street),37.729882,-122.448855
Foul Play,"Fiesta Laundromat (898 S. Van Ness Ave., Mission)",37.795219,-122.420782
Foul Play,City Hall,37.795219,-122.420782
Foul Play,California & Larkin Streets (Nob Hill),37.790788,-122.419036
Foul Play,"Asian Art Museum (200 Larkin Street, Civic Center)",37.795219,-122.420782
Foul Play,Andrew S. Hallidie Plaza (Market & Powell Streets),37.795219,-122.420782
Foul Play,430 Vallejo Street (Telegraph Hill),37.7992797,-122.4046317
Foul Play,24th and Castro Streets (Noe Valley),37.751304,-122.43409
Foul Play,Golden Gate & Steiner Streets (Hayes Valley),37.791934,-122.415475
Foul Play,Fort Mason (Golden Gate National Recreation Area),37.795219,-122.420782
Foul Play,"Fort Point, Presidio",37.761953,-122.43065
Freebie and the Bean,Candlestick Park (602 Jamestown Ave.),37.795219,-122.420782
Freebie and the Bean,Alco Plaza,37.795219,-122.420782
Freebie and the Bean,Twin Peaks,37.757588,-122.447915
Freebie and the Bean,TransAmerica Pyramid (600 Montgomery Street),37.795219,-122.420782
Freebie and the Bean,Stockton Tunnel (Stockton Street at Sutter Street),37.789434,-122.406957
Freebie and the Bean,"Steinhart Aquarium (California Academy of Sciences, Golden Gate Park)",37.795219,-122.420782
Freebie and the Bean,Potrero Hill,37.760661,-122.407066
Freebie and the Bean,Nob Hill,37.795219,-122.420782
Freebie and the Bean,Hyatt Regency Hotel (5 Embarcadero Center),37.795219,-122.420782
Freebie and the Bean,Folsom Street (SOMA),37.772812,-122.412824
Freebie and the Bean,"Fairmont Hotel (950 Mason Street, Nob Hill)",37.738952,-122.425815
Freebie and the Bean,Embarcadero Freeway,37.794996,-122.394324
Freebie and the Bean,Broadway and Columbus Avenue (North Beach),37.797865,-122.406668
Gentleman Jim,The Barbary Coast,37.795219,-122.420782
George of the Jungle,755 Vallejo Street,37.798453277778,-122.40978566667
George of the Jungle,The Tamalpias Building (1201 Greenwich Street at Hyde),37.795219,-122.420782
George of the Jungle,"Neiman Marcus (150 Stockton Street, Union Square)",37.737897,-122.418939
George of the Jungle,First Bank (550 Montgomery Street at Commercial),37.795219,-122.420782
George of the Jungle,Bay Bridge,37.814343,-122.358463
Getting Even with Dad,140 Maiden Lane,37.7882654,-122.4058901
Getting Even with Dad,"St. Peter & Paul's Church (666 Filbert Street, Washington Square)",37.795219,-122.420782
Getting Even with Dad,"Neiman Marcus (150 Stockton Street, Union Square)",37.737897,-122.418939
Getting Even with Dad,Mason Street at Jackson,37.795409,-122.411542
Getting Even with Dad,M.H. de Young Memorial Museum (Golden Gate Park),37.795219,-122.420782
Getting Even with Dad,Embarcadero Street Station- BART ,37.794996,-122.394324
Getting Even with Dad,Candlestick Park (602 Jamestown Ave.),37.795219,-122.420782
Getting Even with Dad,California & Grant Streets,37.792451,-122.405937
Getting Even with Dad,War Memorial Building (401 Van Ness Avenue),37.795219,-122.420782
Getting Even with Dad,Transbay Terminal (Mission Street at 1st Street),37.795219,-122.420782
God is a Communist?* (show me heart universe),Sacramento & Washington Streets,37.792133,-122.415936
Godzilla,Bush & Kearny,37.79076,-122.404031
Godzilla,Kearney & Pine St.,37.791691,-122.40422
Godzilla,California & Davis St,37.793509,-122.397607
Godzilla,Pine St. & Davis St,37.790462,-122.413916
Godzilla,Sacramento & Front St.,37.794717,-122.399058
Godzilla,Broadway & Sansome,37.798501,-122.401671
Godzilla,Broadway & Columbus,37.797865,-122.406668
Godzilla,Post & Jones St.,37.787663,-122.413354
Godzilla,Stockton & Clay St,37.79406,-122.407903
Godzilla,Mission & Fremont St,37.742821,-122.42168
Godzilla,Eddy & Taylor St.,37.784222,-122.410297
Godzilla,Pier 7 (The Embarcadero),37.794996,-122.394324
Godzilla,Pier 1,37.794996,-122.394324
Godzilla,Embarcadero & Washington,37.794996,-122.394324
Godzilla,Mission & Beal,37.742821,-122.42168
Godzilla,Potrero &San Bruno,37.760661,-122.407066
Golden Gate,Ross Alley (Chinatown),37.795044,-122.407266
Golden Gate,Buena Vista Park (Haight Street at Buena Vista),37.769006,-122.438338
Golden Gate,Golden Gate Bridge,37.810977,-122.477578
Golden Gate,University of California Hastings College of the Law,37.726517,-122.414072
Golden Gate,Bush Street (between Grant & Kearny Streets),37.79076,-122.404031
Greed,Bush and Sutter Streets,37.790565,-122.405574
Greed,Hayes Street at Laguna,37.776464,-122.426263
Greed,Cliff House (1090 Point Lobos Avenue),37.795219,-122.420782
Groove,435 23rd Street at Ilinois,37.755446,-122.387066
Groove,435 23rd Street at Ilinois,37.755446,-122.387066
Groove,435 23rd Street at Ilinois,37.755446,-122.387066
Guess Who's Coming to Dinner,634 Raycliff Terrace,37.792342,-122.44265
Guess Who's Coming to Dinner,Sutter Street between Powell and Mason,37.788081,-122.410057
Guess Who's Coming to Dinner,San Francisco International Airport,37.795219,-122.420782
Guess Who's Coming to Dinner,Mel's Drive-In (Corner South Van Ness & Mission St.),37.795219,-122.420782
Haiku Tunnel,,37.795219,-122.420782
Happy Gilmore,,37.795219,-122.420782
Hard to Hold,"Fairmont Hotel (950 Mason Street, Nob Hill)",37.738952,-122.425815
Harold and Maude,Conservatory of Flowers (Golden Gate Park),37.795219,-122.420782
Harold and Maude,Sutro Baths (Point Lobos Avenue),37.795219,-122.420782
Harold and Maude,Golden Gate Park,37.779564,-122.431952
Heart and Souls,Stockton Tunnel (Stockton Street at Sutter Street),37.789434,-122.406957
Heart and Souls,Conservatory of Flowers (Golden Gate Park),37.795219,-122.420782
Heart and Souls,War Memorial Opera House (401 Van Ness Avenue),37.795219,-122.420782
Heart and Souls,2810 Pacific Avenue,37.7927428,-122.4420838
Heart Beat,City Lights Bookstore (261 Columbus),37.795219,-122.420782
Heart Beat,San Francisco Art Institute (800 Chestnut Street),37.795219,-122.420782
Heart Beat,Washington Square Bar & Grill (1707 Powell),37.794489,-122.411663
"Hello Frisco, Hello",,37.795219,-122.420782
Hemingway & Gelhorn,Muni Metro East (501 Cesar Chavez),37.795219,-122.420782
Herbie Rides Again,Sheraton Palace Hotel (639 Market Street),37.795219,-122.420782
Herbie Rides Again,Castagnola's Restaurant (Fisherman's Wharf),37.795219,-122.420782
Herbie Rides Again,Golden Gate Bridge,37.810977,-122.477578
Hereafter,Hobart Building (582 Market Street),37.788534,-122.411388
Hereafter,1160 Taylor Street,37.7932643,-122.4126258
Hereafter,The Final Final (2990 Baker Street),37.795219,-122.420782
High Anxiety,"Conservatory of Flowers, Golden Gate Park",37.795219,-122.420782
High Anxiety,"Fort Point (Presidio, Golden Gate National Recreation Area)",37.761953,-122.43065
High Anxiety,Hyatt Regency Hotel (5 Embarcadero Center),37.795219,-122.420782
High Crimes,Vesuvio Café (255 Columbus Avenue),37.795219,-122.420782
High Crimes,Bank of America Building (555 California Street),37.795219,-122.420782
High Crimes,391 Pennsylvania Avnue at 19th Street,37.761476,-122.393487
High Crimes,Union Square,37.799616,-122.415762
High Crimes,Maiden Lane,37.788427,-122.40358
High Crimes,Condor Club (Columbus and Broadway),37.795219,-122.420782
High Crimes,Chase H & Q  (1 Bush Street at Sansome),37.773063,-122.419607
Homeward Bound II: Lost in San Francisco,Pier 39 (Fisherman's Wharf),37.794996,-122.394324
House of Sand and Fog,,37.795219,-122.420782
How Stella Got Her Groove Back,Marriot Hotel (55 4th Street at Market),37.795219,-122.420782
Hulk,Treasure Island,37.815742,-122.371546
Hulk,Golden Gate Bridge,37.810977,-122.477578
Hulk,Vallejo Street at Sansome,37.799382,-122.402421
Hulk,Telegraph Hill,37.802965,-122.406905
Indiana Jones and the Last Crusade,Administration Building (Treasure Island),37.795219,-122.420782
Innerspace,Golden Gate Bridge,37.810977,-122.477578
Innerspace,Telegraph Hill,37.802965,-122.406905
Innerspace,"Mark Hopkins Intercontinental Hotel (1 Nob Hill Circle, Nob Hill)",37.790199,-122.404671
Interview With The Vampire,Golden Gate Bridge,37.810977,-122.477578
Interview With The Vampire,100 Market Street at 6th Street,37.782053,-122.410069
Interview With The Vampire,6th Street On-ramp to Highway 280,37.779315,-122.406628
Interview With The Vampire,Ferry Building,37.795219,-122.420782
Invasion of the Body Snatchers,"Bimbo's 365 Club (1025 Columbus Avenue, North Beach)",37.795219,-122.420782
Invasion of the Body Snatchers,32 Napier Lane,37.8026023,-122.4038518
Invasion of the Body Snatchers,1227 Montgomery Street (Telegraph Hill),37.800436,-122.4045368
Invasion of the Body Snatchers,Broadway Tunnel (Russian Hill),37.796095,-122.42011
Invasion of the Body Snatchers,United Nations Plaza (Civic Center),37.779992,-122.413487
Invasion of the Body Snatchers,"Department of Public Health (101 Grove Street at Polk, Civic Center)",37.795219,-122.420782
Invasion of the Body Snatchers,720 Steiner Street (Hayes Valley),37.7763806,-122.4327423
Invasion of the Body Snatchers,Pier 33 (Embarcadero),37.794996,-122.394324
Invasion of the Body Snatchers,Chinatown,37.794993,-122.40767
Invasion of the Body Snatchers,City Hall,37.795219,-122.420782
Invasion of the Body Snatchers,Hamlin Hotel (385 Eddy Street),37.798394,-122.417829
Invasion of the Body Snatchers,Lafayette Park (Pacific Heights),37.773135,-122.417451
Invasion of the Body Snatchers,"Postcard Row (Alamo Square, Hayes Valley)",37.795219,-122.420782
Invasion of the Body Snatchers,"Ramada Plaza Hotel Downtown (1231 Market Street, Civic Center)",37.795219,-122.420782
Invasion of the Body Snatchers,San Francisco Drydock (20th and Illinois Streets),37.795219,-122.420782
Invasion of the Body Snatchers,Transamerica Building (600 Montgomery Street at Clay),37.795219,-122.420782
I Remember Mama,"Fairmont Hotel (950 Mason Street, Nob Hill)",37.738952,-122.425815
I Remember Mama,The Ferry Building,37.795219,-122.420782
I Remember Mama,Grant Avenue (North Beach),37.796901,-122.406827
I's,1 Post Street,37.7887787,-122.4025746
It Came From Beneath the Sea,Chrissy Field,37.795219,-122.420782
It Came From Beneath the Sea,Hunters Point,37.733616,-122.376974
It Came From Beneath the Sea,Golden Gate Bridge,37.810977,-122.477578
Jack,,37.795219,-122.420782
Jade,Fior d' Italia (601 Union Street at Stockton),37.795219,-122.420782
Jade,"Japanese Tea Garden (Hagiwara Tea Garden Drive, Golden Gate Park)",37.795219,-122.420782
Jade,"Fairmont Hotel (950 Mason Street, Nob Hill)",37.738952,-122.425815
Jade,Palace of Fine Arts,37.795219,-122.420782
Jade,Sheraton Palace Hotel (639 Market Street),37.795219,-122.420782
Jade,War Memorial Opera House (401 Van Ness Avenue),37.795219,-122.420782
Jade,Washington Square (North Beach),37.794489,-122.411663
Jade,Hall of Justice (850 Bryant Street),37.732622,-122.407024
Jade,Lombard & Hyde Streets,37.801995,-122.419614
Jagged Edge,Golden Gate Bridge,37.810977,-122.477578
Jagged Edge,City Hall,37.795219,-122.420782
James and the Giant Peach,,37.795219,-122.420782
Joy Luck Club,901 Union Street,37.7996188,-122.41434
Joy Luck Club,610 Rhode Island Street (Potrero Hill),37.7619171,-122.4025662
Joy Luck Club,Hang Ah Alley (Chinatown),37.793251,-122.407149
Joy Luck Club,Horace Mann School (3351 23rd Street),37.750869,-122.41449
Joy Luck Club,375 Laguna Honda Blvd.,37.7486437,-122.4561452
Joy Luck Club,180 Manchester Street,37.744204,-122.4143281
Julie and Jack,,37.795219,-122.420782
Junior,"Postcard Row (Alamo Square, Hayes Valley)",37.795219,-122.420782
Junior,2552 Hyde Street,37.8045609,-122.4198716
Junior,United Nations Plaza (Civic Center),37.779992,-122.413487
Junior,Hyatt Fisherman's Wharf (555 Northpoint Street),37.795219,-122.420782
Junior,"Fairmont Hotel (950 Mason Street, Nob Hill)",37.738952,-122.425815
Junior,Chinatown Gate,37.795219,-122.420782
Junior,722 Steiner Street,37.7764543,-122.4327572
Just Like Heaven,,37.795219,-122.420782
Just One Night,Ferry Building,37.795219,-122.420782
Kamikaze Hearts,Market Street Between Noe and Sanchez,37.765868,-122.431025
Knife Fight,Green & Laguna Streets,37.798394,-122.417829
Knife Fight,City Hall,37.795219,-122.420782
Knife Fight,California & Hyde Streets,37.790973,-122.417391
Live Nude Girls Unite,Lusty Lady Bar (North Beach),37.795219,-122.420782
Looking,Muni line N- Judah,37.795219,-122.420782
Looking,Sutro Baths  ,37.795219,-122.420782
Looking,Golden Gate Park,37.779564,-122.431952
Looking,Market & Church St.,37.767503,-122.428949
Looking,Willy's Barber Shop,37.736272,-122.379415
Looking,Jawbone at 99 Rhode Island St. ,37.795219,-122.420782
Looking,Urban Flowers,37.723158,-122.464254
Looking,770 Haight St,37.7718311,-122.4348902
Looking,Eros,37.795219,-122.420782
Looking,Doc's Clock,37.795219,-122.420782
Looking,Starbucks at 333 O'Farrell St.,37.795219,-122.420782
Looking,Union Square,37.799616,-122.415762
Looking,The Café at 2369 Market St.,37.795219,-122.420782
Looking,Castro St. from Market to 18th St.,37.754494,-122.434394
Looking,Bay Bridge,37.814343,-122.358463
Looking,Treasure Island,37.815742,-122.371546
Looking,The Fairmont,37.795219,-122.420782
Looking,1890 Clay St.,37.7921895,-122.4240244
Looking,2000 Folsom,37.7650272,-122.4155078
Looking,Mission Arts Center,37.742821,-122.42168
Looking,2413 Harrison St.,37.7585661,-122.4121509
Looking,Muddy Waters Coffee House,37.795219,-122.420782
Looking,Valencia St. from 16th to 17th,37.762578,-122.421662
Looking,Orphan Andy's,37.795219,-122.420782
Looking,Dolores Park,37.762712,-122.424767
Looking,Casa Lucas Market at 2934 24th St,37.795219,-122.420782
Looking,Punjab,37.795219,-122.420782
Looking,BART from Civic Center to 24th St.,37.795219,-122.420782
Looking,Fulsom Street Fair on Fulsom St.,37.772812,-122.412824
Looking,Fort Funston,37.795219,-122.420782
Looking,"Tiburon Hiking Trail, Tiburon, CA",37.795219,-122.420782
Looking,Presidio Church at 130 Fisher Loop,37.788257,-122.460315
Looking,Golden Gate Bridge,37.810977,-122.477578
Looking,222 Mason St. ,37.7856967,-122.4092745
Looking,601 Buena Vista West,37.7669204,-122.4440379
Looking,The Stud,37.795219,-122.420782
Looking,Mr. S Leather,37.78168,-122.406711
Looking,2866 24th St.,37.7529935,-122.4096838
Looking,24th and Church St. ,37.751705,-122.427437
Looking,Church and Duboce Muni Station,37.75569,-122.427813
Looking,St. Francis Fountain,37.734825,-122.468809
Love & Taxes,The Marsh Theatre (1062 Valencia Street),37.795219,-122.420782
Love & Taxes,20 Hill Street,37.7562881,-122.4220184
Love & Taxes,198 Gough Street,37.7748704,-122.422356
Magnum Force,"Fairmont Hotel (950 Mason Street, Nob Hill)",37.738952,-122.425815
Magnum Force,City Hall,37.795219,-122.420782
Magnum Force,Broadway Tunnel (Russian Hill),37.796095,-122.42011
Magnum Force,280 Freeway at Pennsylvania and Mariposa Streets,37.730889979592,-122.42433746939
Magnum Force,18th Street Overpass (Potrero Hill),37.7617,-122.41109
Magnum Force,2190 Washington Street (Pacific Heights),37.7925412,-122.4291512
Magnum Force,Embarcadero Freeway,37.794996,-122.394324
Magnum Force,Cost Plus World Market (2552 Taylor Street),37.795219,-122.420782
Magnum Force,Vermont Street between 20th and 22nd Streets,37.75701,-122.403765
Magnum Force,San Francisco International Airport,37.795219,-122.420782
Magnum Force,San Francisco Drydock (20th and Illinois Streets),37.795219,-122.420782
Magnum Force,"Pacific Heights Towers (2200 Sacramento Street, Pacific Heights)",37.79567,-122.416653
Magnum Force,"Lefty O' Doul Drawbridge/ 3rd Street Bridge (3rd Street, China Basin)",37.795219,-122.420782
Magnum Force,Hall of Justice (850 Bryant Street),37.732622,-122.407024
Magnum Force,Golden Gate Bridge,37.810977,-122.477578
Marnie,"On Board the SS President Cleveland, docked at Pier 50",37.795219,-122.420782
Maxie,Grace Cathedral Episcopal Church (1100 California Street),37.775607,-122.415485
Maxie,"Asian Art Museum (200 Larkin Street, Civic Center)",37.795219,-122.420782
Maxie,"722 Steiner Street (Postcard Row, Alamo Square, Hayes Valley)",37.7764543,-122.4327572
Memoirs of an Invisible Man,St. Elizabeth Apartment House (901 Powell Street at Sacramento),37.795219,-122.420782
Metro,Bush Street at Jones,37.807072,-122.417261
Midnight Lace,"Fairmont Hotel (950 Mason Street, Nob Hill)",37.738952,-122.425815
Milk,Lower Haight Street,37.7627,-122.442229
Milk,Grace Cathedral Episcopal Church (1100 California Street),37.775607,-122.415485
Milk,Golden Gate Bridge,37.810977,-122.477578
Milk,Marine Fireman's Union Headquarters,37.805368,-122.44565
Milk,Market & Castro Street,37.762671,-122.435188
Milk,Treasure Island,37.815742,-122.371546
Milk,El Camino Del Mar,37.787487,-122.489641
Milk,29th and Delores Street,37.743838,-122.424385
Milk,424 Sansome Street,37.794207,-122.4013595
Milk,Chinatown,37.794993,-122.40767
Milk,City Hall,37.795219,-122.420782
Milk,Duboce Park,37.769408,-122.429906
Mission (aka City of Bars),"The 500 Club (500 Guerrero Street, Mission District)",37.795219,-122.420782
Mission (aka City of Bars),Mission Delores Park (Mission District),37.795219,-122.420782
Mona Lisa Smile,,37.795219,-122.420782
Mother,Golden Gate Bridge,37.810977,-122.477578
Mother,"Fairmont Hotel (950 Mason Street, Nob Hill)",37.738952,-122.425815
Mrs. Doubtfire,520-522A Green Street at Grant Street,37.795219,-122.420782
Mrs. Doubtfire,100 Embarcadero Street,37.7934074,-122.3926367
Mrs. Doubtfire,516 Green Street,37.7998245,-122.4078335
Mrs. Doubtfire,1200 Washington Street at Taylor Street,37.79432,-122.413011
Mrs. Doubtfire,Hancock School (940 Filbert Street),37.760491,-122.428278
Mrs. Doubtfire,Danilo's Bakery (Green Street & Bannam Place),37.795219,-122.420782
Mrs. Doubtfire,Chrissy Field,37.795219,-122.420782
Murder in the First,Alcatraz Island,37.795219,-122.420782
Murder in the First,Pier 7,37.794996,-122.394324
Murder in the First,Palace of Fine Arts,37.795219,-122.420782
Murder in the First,Aquatic Park (Jefferson Street),37.795219,-122.420782
Murder in the First,Alamo Square,37.7632,-122.449433
Murder in the First,1821 Alabama St. ,37.7440036,-122.4100901
Murder in the First,Hall of Justice (850 Bryant Street),37.732622,-122.407024
Murder in the First,Cameron House 920 Sacramento St. ,37.720357,-122.386243
Murder in the First,Naked Lunch,37.795219,-122.420782
Murder in the First,9 Calhoun Terrace,37.8007602,-122.4037807
Murder in the First,Washington Square on Filbert & Stockton,37.794941,-122.408079
Murder in the First,AT&T Park,37.795219,-122.420782
Murder in the First,China Basin on Berry St,37.772171,-122.387902
Murder in the First,Kearney St. from Broadway to Pacific,37.791691,-122.40422
My Reality,Chouguet's (2500 Washington Street),37.795219,-122.420782
My Reality,Triton Hotel (342 Grant Street),37.795219,-122.420782
My Reality,O'Farrell & Jones Streets,37.78579,-122.41297
My Reality,500 Club (500 Guerrero),37.795219,-122.420782
My Reality,3122 16th Street,37.765125,-122.4226123
My Reality,Grant Avenue & Union Street,37.800638,-122.407584
Need For Speed,Mason St from Pine to Sacramento,37.794526,-122.411363
Need For Speed,Powell St. from Geary to Sacramento,37.796012,-122.409979
Need For Speed,California St from Taylor to Powell,37.787438,-122.445402
Need For Speed,Embarcadero from Broadway to Folsom,37.794996,-122.394324
Never Die Twice,"Postcard Row (Alamo Square, Hayes Valley)",37.795219,-122.420782
Night of Henna,,37.795219,-122.420782
Nina Takes a Lover,,37.795219,-122.420782
Nine Months,Jack Kerouac Alley between Columbus & Grant Streets,37.797469,-122.406945
Nine Months,"St. Peter & Paul's Church (666 Filbert Street, Washington Square)",37.795219,-122.420782
Nine Months,"San Francisco General Hospital Medical Center (1001 Potrero Avenue, Potrero Hill)",37.795219,-122.420782
Nine Months,Pierce Street between Pacific & Green Streets,37.795741,-122.438591
Nine Months,Montgomery & Vallejo Streets,37.799172,-122.404053
Nine Months,Marathon Plaza (303 2nd Street),37.795219,-122.420782
Nine Months,Jones Street at Bush,37.807072,-122.417261
Nine Months,Chrissy Field,37.795219,-122.420782
Nine Months,Belli Building (722 Montgomery Street at Washington),37.734069,-122.384796
Nine Months,Alamo Square,37.7632,-122.449433
Nine Months,60 Spear Street,37.792536,-122.3945932
Nine Months,"101 Henry Adams Place, 4th Floor",37.7681092,-122.4035207
Nine Months,The Malloch Apartment Building (1360 Montgomery Street),37.795219,-122.420782
Nine Months,Wasteland Store (1600 Haight Street),37.795219,-122.420782
Nine Months,Star's Café (55 Golden Gate Avenue at Van Ness),37.795219,-122.420782
Nine to Five,Albert S. Samuels Clock (856 Market Street between Powell and Stockton),37.716595,-122.409805
Nora Prentiss,Belgravia Apartments (795 Sutter Street at Jones),37.759648,-122.448577
On the Beach,,37.795219,-122.420782
On the Road,Sacramento & Montgomery Streets,37.79378,-122.402957
On the Road,Filbert & Leavenworth Streets,37.800458,-122.416648
On the Road,2017 23rd Street,37.7545042,-122.4000415
On the Road,Bay Bridge,37.814343,-122.358463
Pacific Heights,Financial District,37.795219,-122.420782
Pacific Heights,Chinatown,37.794993,-122.40767
Pacific Heights,Texas & 19th Streets (Potrero Hill),37.761359,-122.395438
Pal Joey,Coit Tower,37.795219,-122.420782
Pal Joey,Barbary Coast,37.795219,-122.420782
Pal Joey,"Spreckles Mansion (2080 Washington Street, Pacific Heights)",37.795219,-122.420782
Panther,,37.795219,-122.420782
Parks and Recreation,Larkin & Fulton,37.789829,-122.418843
Parks and Recreation,Fibert from Hyde to Leavenworth,37.795219,-122.420782
Parks and Recreation,Columbus and Green,37.79949,-122.409014
Parks and Recreation,Embarcadero & Market,37.794996,-122.394324
Patch Adams,Sheraton Palace Hotel (639 Market Street),37.795219,-122.420782
Patch Adams,Presidio (Golden Gate National Recreation Area),37.788257,-122.460315
Patch Adams,Treasure Island,37.815742,-122.371546
Patty Hearst,Bank of America (38th Street at Balboa Street),37.795219,-122.420782
Patty Hearst,"Postcard Row (Alamo Square, Hayes Valley)",37.795219,-122.420782
Petulia,Cala Foods (California Street and Hyde),37.795219,-122.420782
Petulia,Pier 43 1/2,37.794996,-122.394324
Petulia,2417 Franklin Street,37.7966899,-122.4256058
Petulia,"Japanese Tea Garden, Hagiwara Tea Garden Drive, Golden Gate Park",37.795219,-122.420782
Petulia,"Fairmont Hotel (950 Mason Street, Nob Hill)",37.738952,-122.425815
Petulia,"Fort Point (Presidio, Golden Gate National Recreation Area)",37.761953,-122.43065
Petulia,307 Filbert Street,37.8017084,-122.4049802
Phenomenon,Treasure Island,37.815742,-122.371546
Playing Mona Lisa,Conservatory of Flowers (Golden Gate Park),37.795219,-122.420782
"Play it Again, Sam",15-17 Fresno Street,37.798662451613,-122.40579058065
"Play it Again, Sam",Balboa at 22nd Avenue,37.776449,-122.481247
"Play it Again, Sam","The Music Concourse (Martin Luther King, Jr. Drive, Golden Gate Park)",37.778779,-122.459982
"Play it Again, Sam",Surf Theater (4520 Irving Street),37.795219,-122.420782
"Play it Again, Sam",Hyde Street Cable Car,37.794567,-122.418112
"Play it Again, Sam",Aquatic Park (Jefferson Street),37.795219,-122.420782
Pleasure of His Company,Grace Cathedral Episcopal Church (1100 California Street),37.775607,-122.415485
Pleasure of His Company,2700 Vallejo Street (Pacific Heights),37.7946325,-122.4420266
Point Blank,"Fort Point (Presidio, Golden Gate National Recreation Area)",37.761953,-122.43065
Point Blank,Alcatraz Island,37.795219,-122.420782
Pretty Woman,,37.795219,-122.420782
Psych-Out,,37.795219,-122.420782
Quicksilver,Pacific Stock Exchange,37.79567,-122.416653
Quitters,McLaren Lodge,37.786243,-122.48839
Quitters,Bechelli's Flower Market Café,37.795219,-122.420782
Quitters,923 Vermont St.,37.7579717,-122.4035442
Quitters,Geary from 22nd Ave to Arguello,37.787,-122.411043
Quitters,Clement St. from 6th to 7th Ave. ,37.782261,-122.479516
Quitters,Wine Impression,37.795219,-122.420782
Quitters,Clement St. from 5th and 7th Ave. ,37.782891,-122.465492
Quitters,Claire Lilienthal Elementary School,37.795219,-122.420782
Quitters,Yerba Buena Gardens,37.811143,-122.36672
Quitters,Tonga Room,37.795219,-122.420782
Quitters,Cal-Mart Supermarket,37.795219,-122.420782
Quitters,4015 21st St,37.7558274,-122.4360956
Quitters,Tank Hill Park,37.795219,-122.420782
Quitters,1536 Noe St.,37.74447,-122.4315269
Quitters,24 Hill St.,37.7562756,-122.4222253
Quitters,21st St & Sanchez,37.75636,-122.430115
Raising Cain,,37.795219,-122.420782
Red Diaper Baby,"Magic Theater (Fort Mason, Golden Gate National Recreation Area)",37.795219,-122.420782
Red Widow,Golden Gate Ave & Jones,37.782073,-122.412221
Red Widow,York & 24th St.,37.752852,-122.408189
Red Widow,2nd St & Howard,37.786778,-122.398257
Red Widow,Montgomery & Market Streets,37.789263,-122.401375
Red Widow,Broadway & Taylor,37.797039,-122.413558
Red Widow,Mason & Sacramento St,37.792761,-122.411007
Red Widow,Geary & 27th Ave,37.779993,-122.486877
Red Widow,Geary & 20th Ave,37.780335,-122.479383
Red Widow,Pioneer Park at Coit Tower,37.795219,-122.420782
Red Widow,Vallejo Street Garage,37.797789,-122.415071
Red Widow,California & Davis St,37.793509,-122.397607
Rent,Treasure Island,37.815742,-122.371546
Rollerball,,37.795219,-122.420782
Romeo Must Die,Chinatown,37.794993,-122.40767
Romeo Must Die,Embarcadero Street,37.794996,-122.394324
San Andreas,Broadway and Kearney,37.798017,-122.405473
San Andreas,"Stage Work, 47 Julian St.",37.795219,-122.420782
San Andreas,Hyde St. at Greenwich and Hyde St. at Lombard,37.801062,-122.419425
San Andreas,"Asia Star Fantasy, 1126 Grant Ave.",37.795219,-122.420782
San Andreas,2nd St. at Townsend St.,37.780607,-122.390527
San Andreas,Jefferson St. at Powell St.,37.808625,-122.412523
San Andreas,Grant St. at Bush St.,37.808111,-122.40905
San Andreas,Vallejo Garage Roof (Vallejo at Powell),37.798373,-122.410456
San Andreas,Clay St. at Taylor,37.793431,-122.412829
San Andreas,Bay St. at Polk,37.804355,-122.423465
San Andreas,Intersection of Lombard and Hyde,37.795219,-122.420782
San Andreas,Mission between 3rd and 4th St.,37.795219,-122.420782
San Andreas,555 California,37.7922616,-122.403486
San Andreas,Grant between Bush and Market,37.78673,-122.404583
San Andreas,Coit Tower,37.795219,-122.420782
San Andreas,TransAmerica Pyramid (600 Montgomery Street),37.795219,-122.420782
San Andreas,Washington Square,37.794489,-122.411663
San Andreas,Battery Spencer,37.795874,-122.400486
San Andreas,Pier 43,37.794996,-122.394324
San Andreas,"Vallejo St. Garage, 766 Vallejo St.",37.797789,-122.415071
San Andreas,Fort Baker,37.795219,-122.420782
San Andreas,AT&T Stadium,37.795219,-122.420782
San Andreas,AT&T Stadium,37.795219,-122.420782
San Andreas,Water work in SF Bay,37.804407,-122.413359
San Francisco,The Barbary Coast,37.795219,-122.420782
San Francisco,City Hall,37.795219,-122.420782
Sausalito,The Castro,37.795219,-122.420782
Sense8,"Atlas Café, 3049 20th St.",37.795219,-122.420782
Sense8,"""Metzger's Apt"" 151 Alice B. Toklas Pl.",37.795219,-122.420782
Sense8,Van Ness and 12th St.,37.772222,-122.418352
Sense8,Palace of Fine Arts: 3306 Lyon St.,37.795219,-122.420782
Sense8,"Dolores Park, 20th St. between Church & Dolores St.",37.762631,-122.426104
Sense8,Irving St. at 9th Ave.,37.764036,-122.46631
Sense8,Laguna Honda Hospital; 375 Laguna Honda Blvd.,37.784953,-122.427989
Sense8,Vallejo Street Garage; 766 Vallejo St.,37.797789,-122.415071
Sense8,Grand View Ave.,37.754493,-122.440897
Sense8,Market St. overpass,37.774358,-122.420254
Sense8,Romain St.,37.756423,-122.440134
Sense8,Corbett St.,37.756233,-122.443276
Sense8,375 Castro St. and 17th between Castro and Diamond St.,37.762671,-122.435188
Sense8,Z Space Studios; 450 Florida St.,37.795219,-122.420782
Sense8,20th,37.759246,-122.408904
Sense8,Harrison,37.773447,-122.408913
Sense8,22nd St.,37.755888,-122.411273
Sense8,S. Van Ness,37.765752,-122.417542
Sense8,16th St.,37.765349,-122.414722
Sense8,Folsom,37.772812,-122.412824
Sense8,Harrison & 20th,37.759028,-122.4125
Sense8,Clairon Alley between Valencia & Mission St.,37.763051,-122.419476
Sense8,18th Street between Guerrero and Valencia Streets,37.7617,-122.421578
Serendipity,,37.795219,-122.420782
Serial,Ferry Building,37.795219,-122.420782
Seven Girlfriends,Golden Gate Bridge,37.810977,-122.477578
Shadow of the Thin Man,Bay Bridge,37.814343,-122.358463
Shattered,,37.795219,-122.420782
Shoot the Moon,"Fairmont Hotel (950 Mason Street, Nob Hill)",37.738952,-122.425815
Sister Act,"St. Paul's Church (Church Street, Noe Valley)",37.795219,-122.420782
Sister Act 2: Back in the Habit,"Carnelian Room, Bank of America Building (555 California Street, 53rd Floor)",37.747802,-122.439709
Sister Act 2: Back in the Habit,CCSF Alemany Campus ,37.795219,-122.420782
Sister Act 2: Back in the Habit,Coit Tower,37.795219,-122.420782
Sister Act 2: Back in the Habit,"Maritime Museum, Building 201 (Fort Mason)",37.795219,-122.420782
Sister Act 2: Back in the Habit,"St. Peter & Paul's Church (666 Filbert Street, Washington Square)",37.795219,-122.420782
Sneakers,The Embarcadero,37.794996,-122.394324
Sneakers,Hills Brothers Plaza (The Embarcadero at Harrison),37.795219,-122.420782
So I Married an Axe Murderer,Alcatraz Island,37.795219,-122.420782
So I Married an Axe Murderer,City Light Bookstore (261 Columbus Avenue),37.795219,-122.420782
So I Married an Axe Murderer,Edinburgh Castle (950 Geary Street),37.722784,-122.430833
So I Married an Axe Murderer,Fog City Diner (1300 Battery Street),37.795219,-122.420782
So I Married an Axe Murderer,Prudente's Italian Deli (1462 Grant Ave at Union),37.795219,-122.420782
So I Married an Axe Murderer,Rocco's Corner (Columbus Street),37.795219,-122.420782
So I Married an Axe Murderer,San Francisco Chronicle (901 Mission Street at 15th Street),37.795219,-122.420782
So I Married an Axe Murderer,St. John's Presbyterian Church (25 Lake Street),37.795219,-122.420782
So I Married an Axe Murderer,Swedenborgian Church (2107 Lyon Street),37.795219,-122.420782
So I Married an Axe Murderer,Vesuvio Café (255 Columbus Avenue),37.795219,-122.420782
So I Married an Axe Murderer,"Aladdin Terrace (off of Taylor Street, Between Filbert and Union)",37.800383,-122.413388
So I Married an Axe Murderer,Café Picaro 3120 16th Street,37.795219,-122.420782
So I Married an Axe Murderer,"1462 Grant Avenue, at Union Street",37.800638,-122.407584
So I Married an Axe Murderer,305 Hugo Street,37.765207081633,-122.46106679592
Sphere,S.S. Jeremiah O'Brien,37.795219,-122.420782
Star Trek II : The Wrath of Khan,Golden Gate Park,37.779564,-122.431952
Star Trek IV: The Voyage Home,Intersection of Columbus & Kearney Streets,37.795219,-122.420782
Star Trek IV: The Voyage Home,Golden Gate Bridge,37.810977,-122.477578
Star Trek IV: The Voyage Home,"Bessie Charmichael Elementary School (375 Seventh Street, SOMA)",37.746547,-122.415065
Star Trek IV: The Voyage Home,500 Block of Pacific Avenue (Chinatown),37.799524,-122.416491
Star Trek IV: The Voyage Home,Intersection of Columbus & Mason Streets,37.795219,-122.420782
Star Trek IV: The Voyage Home,Intersection of Grant & Fresno Streets (North Beach),37.795219,-122.420782
Star Trek IV: The Voyage Home,Kearny & Pacific Streets,37.797545,-122.405408
Star Trek IV: The Voyage Home,"Marina Green, Marina District",37.805368,-122.44565
Star Trek IV: The Voyage Home,North Beach,37.795219,-122.420782
Star Trek IV: The Voyage Home,"West Harbor, Marina District",37.795219,-122.420782
Star Trek IV: The Voyage Home,Golden Gate Park,37.779564,-122.431952
Star Trek VI: The Undiscovered County,Golden Gate Bridge,37.810977,-122.477578
Stigmata,,37.795219,-122.420782
Street Music,Hamlin Hotel (385 Eddy Street),37.798394,-122.417829
Sudden Fear,Lombard Street,37.802201,-122.417966
Sudden Fear,The Tamalpias Building (1201 Greenwich Street at Hyde),37.795219,-122.420782
Sudden Fear,Brocklebank Apartments (1000 Mason Street),37.795219,-122.420782
Sudden Fear,2800 Scott Street,37.7957521,-122.4399174
Sudden Impact,"Pier 38-40, The Embarcadero",37.794996,-122.394324
Sudden Impact,"Near Point Lobos, El Camino Del Mar ",37.795219,-122.420782
Sudden Impact,Mt. Davidson,37.795219,-122.420782
Sudden Impact,"McDonald's Restaurant (701 3rd Street, SOMA)",37.795219,-122.420782
Sudden Impact,"Mark Hopkins Intercontinental Hotel (1 Nob Hill Circle, Nob Hill)",37.790199,-122.404671
Sudden Impact,Hall of Justice (850 Bryant Street),37.732622,-122.407024
Sudden Impact,Ferry Plaza,37.795219,-122.420782
Sudden Impact,"Fairmont Hotel (950 Mason Street, Nob Hill)",37.738952,-122.425815
Sudden Impact,Civic Center Plaza,37.795219,-122.420782
Sudden Impact,The Embarcadero/Ferry Building,37.794996,-122.394324
Sudden Impact,"Bowles Franklin Galleries (765 Beach Street, Fisherman's Wharf)",37.795219,-122.420782
Superman,Golden Gate Bridge,37.810977,-122.477578
Susan Slade,"On Board the SS President Cleveland, docked at Pier 50",37.795219,-122.420782
Sweet November,"Foote, Cone & Belding (733 Front Street at Pacific)",37.714256,-122.446778
Sweet November,Hotel Majestic (1500 Sutter Street),37.795219,-122.420782
Sweet November,Marquee Lofts (1000 Van Ness Avenue at Alice B. Tolkas Place),37.795219,-122.420782
Sweet November,Citicorp Center (1 Sansome Street at Sutter) ,37.795219,-122.420782
Sweet November,Farley's Café (1315 18th Street Near Missouri),37.795219,-122.420782
Sweet November,Mission Dolores Park (Mission District),37.795219,-122.420782
Sweet November,Blooms Saloon (18th Street between Missouri and Texas Streets),37.795219,-122.420782
Sweet November,Chrissy Field,37.795219,-122.420782
Sweet November,Christopher's Books (1400 18th Street),37.755984,-122.457246
Swing,Regency Building (1290 Sutter Street),37.795219,-122.420782
Swing,Broadway Studios (435 Broadway at Montgomery Street),37.798223,-122.403863
Swingin' Along,Powell Street,37.796012,-122.409979
Take the Money and Run,Bank of America (1455 Stockton Street),37.795219,-122.420782
Take the Money and Run,Golden Gate Park,37.779564,-122.431952
Take the Money and Run,Mission Street,37.742821,-122.42168
Terminator - Genisys,Pine St. between Market and Montgomery,37.791899,-122.402571
Terminator - Genisys,16th and Utah,37.765842,-122.406553
Terminator - Genisys,Van Ness between Fell and Lombard,37.788489,-122.421949
Terminator - Genisys,California between Leavensworth and Powell,37.792043,-122.409171
Terminator - Genisys,Mission at 1st and 2nd,37.742821,-122.42168
Terminator - Genisys,Market at Mason,37.783288,-122.408952
Terminator - Genisys,California at Larkin,37.790788,-122.419036
Terminator - Genisys,Califorinia at Jones,37.791416,-122.414107
Terminator - Genisys,Pine and Leavensworth,37.795219,-122.420782
Terminator - Genisys,Howard St. from Embarcadero to 11 St.,37.782831,-122.40325
Terminator - Genisys,Construction Site in front of 260 Stockton St. at Post St.,37.795219,-122.420782
Terminator - Genisys,California St. between Drumm St. and Kearny St.,37.792639,-122.404418
Terminator - Genisys,Market St. at Embarcadero area,37.774358,-122.420254
Terminator - Genisys,Pine St. between Market and Kearny,37.791691,-122.40422
Terminator - Genisys,Front St. between Market and Clay,37.795162,-122.399149
Terminator - Genisys,Union Square,37.799616,-122.415762
Terminator - Genisys,San Francisco - Oakland Bay Bridge,37.795219,-122.420782
Terminator - Genisys,"Mission St., Embarcadero, and Front between Clay and Market",37.742821,-122.42168
Terminator - Genisys,Sutter Stockton Garage,37.788747,-122.412364
Terminator - Genisys,Bush St. at Stockton St.,37.807891,-122.410685
Terminator - Genisys,Powell St at Geary St,37.787358,-122.408227
Terminator - Genisys,1 Market St. Landmark Building,37.7938715,-122.3948652
Terminator - Genisys,Embarcadero between Pier 2 and Harrison,37.794996,-122.394324
Terminator - Genisys,Pier 14,37.794996,-122.394324
The Assassination of Richard Nixon,"Tosca Café (242 Columbus Avenue, North Beach)",37.795219,-122.420782
The Assassination of Richard Nixon,766 Sutter Street,37.7889374,-122.4131229
The Bachelor,Danilo's Bakery (Green Street & Bannam Place),37.795219,-122.420782
The Bachelor,Moose's Restaurant (1652 Stockton),37.795219,-122.420782
The Bachelor,Nina M. Designs (52 2nd Street at Jessie),37.795219,-122.420782
The Bachelor,Pacific Stock Exchange (301 Pine Street at Sansome),37.79567,-122.416653
The Bachelor,Roof of Cable Car (California at Front Street),37.795219,-122.420782
The Bachelor,"St. Peter & Paul's Church (666 Filbert Street, Washington Square)",37.795219,-122.420782
The Bachelor,"Steinhart Aquarium (California Academy of Sciences, Golden Gate Park)",37.795219,-122.420782
The Bachelor,Stockton Tunnel (Stockton Street at Sutter Street),37.789434,-122.406957
The Bachelor,Sutter-Stockton Garage (330 Sutter Street at Stockton),37.789434,-122.406957
The Bachelor,Washington Square Park (North Beach),37.794489,-122.411663
The Bachelor,Merchant Exchange (465 California Street at Leidesdortt),37.794315,-122.402265
The Bachelor,Columbus Avenue at Green & Stockton,37.79949,-122.409014
The Bachelor,Mama's Restaurant (1701 Stockton),37.795219,-122.420782
The Birds,Powell and Geary Streets (Union Square),37.787358,-122.408227
The Bridge,Golden Gate Bridge,37.810977,-122.477578
The Caine Mutiny,Golden Gate Bridge,37.810977,-122.477578
The Caine Mutiny,The Embarcadero,37.794996,-122.394324
The Californians,,37.795219,-122.420782
The Candidate,"Westin St. Francis Hotel (335 Powell Street, Union Square)",37.795219,-122.420782
The Competiton,California Academy of Sciences (Golden Gate Park),37.787438,-122.445402
The Competiton,Pier 39,37.794996,-122.394324
The Conversation,"Cathedral Hill Hotel (1101 Van Ness Avenue, Civic Center)",37.795219,-122.420782
The Conversation,Financial District,37.795219,-122.420782
The Conversation,"Neiman Marcus (150 Stockton Street, Union Square)",37.737897,-122.418939
The Conversation,One Embarcadero Center (Financial District),37.795219,-122.420782
The Conversation,"Saks Fifth Avenue (384 Post Street, Union Square)",37.795219,-122.420782
The Conversation,Union Square,37.799616,-122.415762
The Conversation,"Westin St. Francis Hotel (335 Powell Street, Union Square)",37.795219,-122.420782
The Conversation,Alamo Square (Hayes Valley),37.7632,-122.449433
The Conversation,Alcoa Building (1 Maritime Plaza),37.795219,-122.420782
The Conversation,Alta Plaza Park (Steiner Street),37.801707,-122.402935
The Conversation,"American Roofing Co. Building (297 Kansas Street, Potrero Hill)",37.795219,-122.420782
The Core,Golden Gate Bridge,37.810977,-122.477578
The Dead Pool,550 El Camino Del Mar (Seacliff),37.7875345,-122.4899238
The Dead Pool,"San Francisco General Hospital Medical Center (1001 Potrero Avenue, Potrero Hill)",37.795219,-122.420782
The Dead Pool,1954 Mason Street (North Beach),37.8017337,-122.4126041
The Dead Pool,20th & DeHaro Streets (Potrero Hill),37.759734,-122.401112
The Dead Pool,22nd & Wisconsin Streets (Potrero Hill),37.795219,-122.420782
The Dead Pool,22nd Bet. Carolina & Rhode Island Streets (Potrero Hill),37.795219,-122.420782
The Dead Pool,New Asia Restaurant (772 Pacific Avenue at Grant),37.795219,-122.420782
The Dead Pool,San Francisco Drydock (The Dogpatch),37.795219,-122.420782
The Dead Pool,Washington Square Park (North Beach),37.794489,-122.411663
The Dead Pool,One Thousand Powell Apartments (1000 Powell Street),37.795219,-122.420782
The Dead Pool,"The Cannery (281 Leavenworth Street, Fisherman's Wharf)",37.795219,-122.420782
The Dead Pool,Posrtsmouth Square (Chinatown),37.795219,-122.420782
The Dead Pool,Pierce St. & Golden Gate Avenue (Hayes Valley),37.779145,-122.43524
The Dead Pool,Pierce & California Streets (Pacific Heights),37.788488,-122.437129
The Dead Pool,Pier 3 (The Embarcadero),37.794996,-122.394324
The Dead Pool,"Nam Yuen Restaurant (740 Washington Street, Chinatown)",37.795219,-122.420782
The Dead Pool,"Mirant Energy, LLC (1301 Illinois Street, The Dogpatch)",37.732374,-122.428452
The Dead Pool,McAllister & Scott Streets (Hayes Valley),37.778005,-122.436697
The Dead Pool,"KGO-TV ABC7 TV Studios (900 Front Street, Waterfront Historic District)",37.795219,-122.420782
The Dead Pool,Hall of Justice (850 Bryant Street),37.732622,-122.407024
The Dead Pool,"San Francisco National Military Cemetary (Lincoln Blvd., The Presidio, Golden Gate National Recreation Center)",37.795219,-122.420782
The Dead Pool,"Silver Restaurant (737 Washington Street, Chinatown)",37.72989,-122.413282
The Dead Pool,Fremont Street Exit of Bay Bridge,37.78966,-122.395685
The Dead Pool,Folsom & Essex Streets,37.772812,-122.412824
The Dead Pool,"Eber Electronics (2355 Market Street, Castro)",37.795219,-122.420782
The Dead Pool,Clementina & Sumner Streets,37.775893,-122.409997
The Dead Pool,Carl & Cole Streets (Cole Valley),37.7658,-122.449958
The Dead Pool,710 Steiner Street (Hayes Valley),37.7760676,-122.4326615
The Dead Pool,23rd & Iowa Streets (Dogpatch),37.755164,-122.391753
The Diary of a Teenage Girl,Geary St. from Polk to Larkin,37.787,-122.411043
The Diary of a Teenage Girl,Victoria Theatre,37.717918,-122.465342
The Diary of a Teenage Girl,Yerba Buena Island,37.811143,-122.36672
The Diary of a Teenage Girl,SPECS' Twelve Adler Museum Café,37.795219,-122.420782
The Diary of a Teenage Girl,Ocean Beach at Point Lobos,37.726785,-122.466073
The Diary of a Teenage Girl,700 Kansas St.,37.7607498,-122.4034683
The Diary of a Teenage Girl,Presidio Branch Library,37.788257,-122.460315
The Diary of a Teenage Girl,The Royal Oak,37.795219,-122.420782
The Diary of a Teenage Girl,Tonic,37.795219,-122.420782
The Diary of a Teenage Girl,Polk and Northpoint St.,37.787279,-122.42002
The Diary of a Teenage Girl,770 Haight St.,37.7718311,-122.4348902
The Diary of a Teenage Girl,Tank Hill Park,37.795219,-122.420782
The Diary of a Teenage Girl,Hamburger Haven,37.795219,-122.420782
The Diary of a Teenage Girl,Higher Grounds Coffee House,37.795219,-122.420782
The Diary of a Teenage Girl,304 Lily St.,37.7742002,-122.4260807
The Diary of a Teenage Girl,The Magazine at 920 Larkin,37.795219,-122.420782
The Doctor,,37.795219,-122.420782
The Doors,,37.795219,-122.420782
The Enforcer,Coit Tower,37.795219,-122.420782
The Enforcer,Sutter & Webster Streets,37.786304,-122.431552
The Enforcer,"Lefty O' Doul Drawbridge/ 3rd Street Bridge (3rd Street, China Basin)",37.795219,-122.420782
The Enforcer,23rd & Capp Streets (Mission District),37.753902,-122.417506
The Enforcer,24th Street Mini Park (Mission District),37.752373,-122.416266
The Enforcer,Alcatraz Island,37.795219,-122.420782
The Enforcer,Balmy Street (Mission District),37.752601,-122.412464
The Enforcer,City Hall,37.795219,-122.420782
The Enforcer,Hall of Justice,37.732622,-122.407024
The Fan,Candlestick Park (602 Jamestown Ave.),37.795219,-122.420782
The Fog of War,,37.795219,-122.420782
The Game,Sheraton Palace Hotel (639 Market Street),37.795219,-122.420782
The Game,Ritz-Carlton Hotel (600 Stockton Street),37.795219,-122.420782
The Game,Presidio (Golden Gate National Recreation Area),37.788257,-122.460315
The Game,Merchant Exchange Building,37.795448,-122.400413
The Game,Mason & California Streets (Nob Hill),37.791835,-122.410818
The Game,Harrison Street (The Embarcadero),37.773447,-122.408913
The Game,City Club (155 Sansome Street),37.795219,-122.420782
The Game,Bay Bridge,37.814343,-122.358463
The Game,Bank of America Building (555 California Street),37.795219,-122.420782
The Game,301 Howard Street,37.7894978,-122.3942652
The Game,1 Bush Street,37.7910921,-122.4001219
The Game,Washington Street & Waverly Place (Chinatown),37.795077,-122.407001
The Game,"Stockton Tunnel Southern Approach Overhang (Bush & Stockton Streets, Chinatown)",37.796704,-122.408431
The Game,Merchant Exchange Building (465 California Street),37.795448,-122.400413
The Graduate,San Francisco Zoo (2701 Sloat Blvd.),37.795219,-122.420782
The Graduate,Bay Bridge,37.814343,-122.358463
The House on Telegraph Hill,Telegraph Hill,37.802965,-122.406905
The House on Telegraph Hill,1227 Montgomery Street,37.800436,-122.4045368
The House on Telegraph Hill,Market Street,37.774358,-122.420254
The House on Telegraph Hill,Coit Tower,37.795219,-122.420782
The Internship,Montgomery and Union St.,37.801038,-122.404429
The Internship,Epic Roasthouse,37.795219,-122.420782
The Internship,Grant Ave from Sacramento to Clay,37.796901,-122.406827
The Internship,Players Arcade at Pier 39,37.795219,-122.420782
The Jazz Singer,Coffee Dan's (O'Farrell Street at Powell),37.795219,-122.420782
The Lady from Shanghai,Mandarin Theatre (1021 Grant Avenue),37.795219,-122.420782
The Lady from Shanghai,Golden Gate Park,37.779564,-122.431952
The Lady from Shanghai,Fomer Hall of Justice (750 Kearny Street at Washington),37.795219,-122.420782
The Lady from Shanghai,"Steinhart Aquarium (California Academy of Sciences, Golden Gate Park)",37.795219,-122.420782
The Last of the Gladiators,,37.795219,-122.420782
The Laughing Policeman,,37.795219,-122.420782
The Lineup,"Steinhart Aquarium (California Academy of Sciences, Golden Gate Park)",37.795219,-122.420782
The Lineup,2090 Jackson Street,37.7934152,-122.4294282
The Lineup,"Mark Hopkins Intercontinental Hotel (1 Nob Hill Circle, Nob Hill)",37.790199,-122.404671
The Lineup,Sutro Baths (Point Lobos Avenue),37.795219,-122.420782
The Lineup,Pier 41,37.794996,-122.394324
The Lineup,War Memorial Opera House (401 Van Ness Avenue),37.795219,-122.420782
The Lineup,The Embarcadero,37.794996,-122.394324
The Love Bug,Golden Gate Bridge,37.810977,-122.477578
The Love Bug,100 Block of Lombard Street,37.799524,-122.416491
The Maltese Falcon,Ferry Building,37.795219,-122.420782
The Maltese Falcon,"Burritt Alley (Off Bush Street, between Powell and Stockton Streets)",37.789851,-122.407404
The Maltese Falcon,Golden Gate Bridge,37.810977,-122.477578
The Master,Pier 7/ Embarcadero,37.794996,-122.394324
The Matrix,skyline/ exterior scenes,37.72526,-122.503041
The Net,Montgomery & Market Streets,37.789263,-122.401375
The Net,Moscone Convention Center,37.795219,-122.420782
The Nightmare Before Christmas,,37.795219,-122.420782
The Organization,,37.795219,-122.420782
The Other Sister,Palace of Fine Arts (3301 Lyon Street),37.795219,-122.420782
The Other Sister,Transbay Terminal (Mission Street at 1st Street),37.795219,-122.420782
The Other Sister,"St. Peter & Paul's Church (666 Filbert Street, Washington Square)",37.795219,-122.420782
The Parent Trap,Administration Building (Treasure Island),37.795219,-122.420782
The Presidio,700 Block of Jackson Street (Chinatown),37.799524,-122.416491
The Presidio,900 Block of Grant Avenue (Chinatown),37.799524,-122.416491
The Presidio,Battery Street (The Embarcadero),37.795874,-122.400486
The Presidio,Civic Center Plaza,37.795219,-122.420782
The Presidio,Coit Tower,37.795219,-122.420782
The Presidio,Ferry Building,37.795219,-122.420782
The Presidio,"Fort Point (Presidio, Golden Gate National Recreation Area)",37.761953,-122.43065
The Presidio,Golden Gate Bridge,37.810977,-122.477578
The Presidio,Hayes & Polk Streets (Civic Center),37.777512,-122.418043
The Presidio,Market & 2nd Streets,37.789263,-122.401375
The Presidio,Montgomery & Vallejo Streets (Telegraph Hill),37.799172,-122.404053
The Presidio,Presidio (Golden Gate National Recreation Area),37.788257,-122.460315
The Presidio,Sansome Street (The Embarcadero),37.796626,-122.401853
The Presidio,Washington Street & Waverly Place (Chinatown),37.795077,-122.407001
The Presidio,200 Block of Sansome Street (Financial District),37.799524,-122.416491
The Princess Diaries,724 Brazil Avenue,37.7216111,-122.4288936
The Princess Diaries,2601 Lyon Street,37.7946838,-122.446997
The Princess Diaries,Baker Beach,37.790555,-122.48091
The Princess Diaries,Fisherman's Wharf,37.808966,-122.415843
The Princess Diaries,Firestation #3 (Brazil Avenue and Athens Street),37.795219,-122.420782
The Princess Diaries,Cliff House (1090 Point Lobos Avenue),37.795219,-122.420782
The Princess Diaries,Broadway Tunnel (Broadway between Powell and Larkin),37.796095,-122.42011
The Pursuit of Happyness,Glide Memorial Church (434 Ellis St),37.795219,-122.420782
The Pursuit of Happyness,Glen Park Subway Station,37.795219,-122.420782
The Pursuit of Happyness,Candlestick Park (602 Jamestown Ave.),37.795219,-122.420782
The Pursuit of Happyness,Golden Gate Park Children's Playground ,37.779564,-122.431952
The Right Stuff,"American Can Company (Between Illinois & Kentucky, 20th and 22nd Streets)",37.795219,-122.420782
The Right Stuff,Cow Palace,37.795219,-122.420782
The Right Stuff,City Hall,37.795219,-122.420782
The Right Stuff,Financial District,37.795219,-122.420782
The Rock,"Fairmont Hotel (950 Mason Street, Nob Hill)",37.738952,-122.425815
The Rock,New Russian Hill Market (1198 Pacific Avenue at Jones),37.795219,-122.420782
The Rock,The San Francisco Bay,37.795219,-122.420782
The Rock,Palace of Fine Arts (3301 Lyon Street),37.795219,-122.420782
The Rock,Alcatraz Island,37.795219,-122.420782
The Rock,City Hall,37.795219,-122.420782
The Rock,Coit Tower,37.795219,-122.420782
The Sweetest Thing,Golden Gate National Recreation Area,37.791934,-122.415475
The Ten Commandments,"St. Peter & Paul's Church (666 Filbert Street, Washington Square)",37.795219,-122.420782
The Times of Harvey Milk,The Castro,37.795219,-122.420782
The Towering Inferno,"Bank of America Building (555 California Street, Financial District)",37.795219,-122.420782
The Towering Inferno,Firestation #38 (California & Laguna),37.795219,-122.420782
The Towering Inferno,"Fairmont Hotel (950 Mason Street, Nob Hill)",37.738952,-122.425815
The Towering Inferno,Grace Cathedral Episcopal Church (1100 California Street),37.775607,-122.415485
The Towering Inferno,2898 Vallejo Street,37.7942314,-122.4448778
The Towering Inferno,"Hyatt Regency Hotel (5 Embarcadero Center, Financial District)",37.795219,-122.420782
The Towering Inferno,"San Francisco Fire Station 38 (2150 California Street, Pacific Heights)",37.795219,-122.420782
The Wedding Planner,City Hall,37.795219,-122.420782
The Wedding Planner,Grace Cathedral Episcopal Church (1100 California Street),37.775607,-122.415485
The Wedding Planner,"The Music Concourse (Martin Luther King, Jr. Drive, Golden Gate Park)",37.778779,-122.459982
The Wedding Planner,Pleasant Street at Taylor,37.792991,-122.412739
The Wedding Planner,Pier 7 (The Embarcadero),37.794996,-122.394324
The Wedding Planner,Montgomery Street at Union Street,37.801038,-122.404429
The Wedding Planner,Lincoln Park,37.765117,-122.484759
The Wedding Planner,"Japanese Tea Garden (Hagiwara Tea Garden Drive, Golden Gate Park)",37.795219,-122.420782
The Woman In Red,Brocklebank Apartments (1000 Mason Street),37.795219,-122.420782
The Woman In Red,Palace of Fine Arts (3301 Lyon Street),37.795219,-122.420782
The Woman In Red,Montgomery Street at Union Street,37.801038,-122.404429
The Woman In Red,"Postcard Row (Alamo Square, Hayes Valley)",37.795219,-122.420782
They Call Me MISTER Tibbs,,37.795219,-122.420782
The Zodiac,,37.795219,-122.420782
Thief of Hearts,,37.795219,-122.420782
Time After Time,Broadway at Osgood Street (North Beach),37.798323,-122.403075
Time After Time,Lombard & Laguna Streets (Marina District),37.800469,-122.431115
Time After Time,Lombard & Fillmore Streets (Marina District),37.799842,-122.436046
Time After Time,Lombard & Divisadero Streets (Marina District),37.799,-122.442647
Time After Time,Lombard & Broderick Streets (Marina District),37.79879,-122.444319
Time After Time,Justin Herman Plaza,37.732743,-122.421741
Time After Time,Intersection of Fulton & 6th Streets (Chinatown),37.795219,-122.420782
Time After Time,Intersection of California & Grant Streets (Richmond District),37.795219,-122.420782
Time After Time,Hyatt Regency Hotel (5 Embarcadero Center),37.795219,-122.420782
Time After Time,"Huntington Park (California & Taylor Streets, Nob Hill)",37.730788,-122.49507
Time After Time,Golden Gate Park,37.779564,-122.431952
Time After Time,Golden Gate Bridge,37.810977,-122.477578
Time After Time,"Ghiradelli Square (900 North Point Street, Fisherman's Wharf)",37.795219,-122.420782
Time After Time,Chestnut & Davisadero Streets (Marina District),37.799977,-122.442846
Time After Time,California Academy of Sciences (Golden Gate Park),37.787438,-122.445402
Time After Time,2340 Francisco Street,37.8010857,-122.4438953
Time After Time,100 Block of Union Street (Cow Hollow),37.799524,-122.416491
Time After Time,Old St. Mary's Church (660 California Street at Grant),37.795219,-122.420782
Time After Time,United Nations Plaza (Civic Center),37.779992,-122.413487
Time After Time,"SF General Hospital Center (1001 Potrero Avenue, Potrero Hill)",37.795219,-122.420782
Time After Time,Palace of Fine Arts (3301 Lyon Street),37.795219,-122.420782
Time After Time,One Embarcadero Center (Financial District),37.795219,-122.420782
Time After Time,Merchant Exchange (465 California Street at Leidesdortt),37.794315,-122.402265
Time After Time,Marina Green (Marina District),37.805368,-122.44565
Tin Cup,,37.795219,-122.420782
To the Ends of the Earth,,37.795219,-122.420782
True Believer,,37.795219,-122.420782
Tucker: The Man and His Dreams,City Hall,37.795219,-122.420782
Tweek City,,37.795219,-122.420782
Twisted,"McCovey Point, China Basin Park (24 Willy Mays Plaza)",37.795219,-122.420782
Twisted,Veterans' War Memorial Building (401 Van Ness Avenue),37.795219,-122.420782
Twisted,,37.795219,-122.420782
Twisted,La Bodega (1332 Grant Avenue at Vallejo),37.795219,-122.420782
Twisted,Vesuvio Café (255 Columbus Avenue),37.795219,-122.420782
Twisted,The Saloon (1232 Grant Avenue),37.795219,-122.420782
Twisted,Mojito (1337-1339 Grant Avenue),37.795219,-122.420782
Twisted,"Red's Java House (Pier 30-32, The Embarcadero)",37.795219,-122.420782
Twisted,Piers 30-32,37.788488,-122.437129
Twisted,Pier 39,37.794996,-122.394324
Twisted,Pier 24,37.794996,-122.394324
Under the Tuscan Sun,Mecca Restaurant (2029 Market Street),37.795219,-122.420782
Until the End of the World,"Tosca Café (242 Columbus Avenue, North Beach)",37.795219,-122.420782
Vegas in Space,3567 18th Street,37.7613877,-122.4230396
Vegas in Space,Project Artaud (Florida Street),37.795219,-122.420782
Vegas in Space,Carona Heights Park,37.723388,-122.466688
Vegas in Space,544 Natoma (SOMA),37.7794929,-122.4087277
Vegas in Space,422 Oak Street at Laguna,37.774598,-122.425888
Vegas in Space,Under Highway 101 (near Potrero and Cesar Chavez Streets),37.795219,-122.420782
Vertigo,York Hotel (940 Sutter Street),37.754453,-122.408343
Vertigo,1007 Gough Street,37.782535,-122.42411975
Vertigo,900 Lombard Street,37.8025311,-122.416596
Vertigo,Brocklebank Apartments (1000 Mason Street),37.795219,-122.420782
Vertigo,"California Palace of the Legion of Honor (34th Avenue & Clement, Lincoln Park)",37.787438,-122.445402
Vertigo,Claude Lane at Bush Street,37.790713,-122.4044
Vertigo,Conservatory of Flowers (Golden Gate Park),37.795219,-122.420782
Vertigo,Ernie's Restaurant (847 Montgomery Street),37.795219,-122.420782
Vertigo,"Fairmont Hotel (950 Mason Street, Nob Hill)",37.738952,-122.425815
Vertigo,"Fort Point (Presidio, Golden Gate National Recreation Area)",37.761953,-122.43065
Vertigo,Gough & Eddy Streets (Western Addition),37.782477,-122.424108
Vertigo,"Mission Delores (3321 16th Street, Mision District)",37.795219,-122.420782
Vertigo,Mission San Juan Bautista (2nd & Mariposa Streets),37.742821,-122.42168
Vertigo,Park Hill Sanatorium (351 Buena Vista Avenue East),37.736737,-122.424235
Vertigo,San Francisco Drydock (20th and Illinois Streets),37.795219,-122.420782
Vertigo,Palace of Fine Arts (3301 Lyon Street),37.795219,-122.420782
What Dreams May Come,Treasure Island,37.815742,-122.371546
What's Up Doc?,Alta Plaza Park (Steiner Street),37.801707,-122.402935
What's Up Doc?,22nd Avenue & Balboa Street (Richmond District),37.795219,-122.420782
What's Up Doc?,"St. Peter & Paul's Church (666 Filbert Street, Washington Square)",37.795219,-122.420782
What's Up Doc?,San Francisco Hilton (333 O'Farrell Street),37.795219,-122.420782
What's Up Doc?,Lombard Street between Hyde and Leavenworth,37.8022,-122.417966
What's Up Doc?,Hyde Street Pier,37.794567,-122.418112
What's Up Doc?,Chinatown,37.794993,-122.40767
What the Bleep Do We Know,Golden Gate National Recreation Area,37.791934,-122.415475
When a Man Loves a Woman,Grant Street at Pacific Avenue,37.796901,-122.406827
When a Man Loves a Woman,Cybelle's Pizza (1000 Bush Street),37.795219,-122.420782
When a Man Loves a Woman,1521 Masonic Avenue at Piedmont Street,37.765958,-122.444172
When a Man Loves a Woman,Buena Vista Café (2765 Hyde Street),37.769006,-122.438338
When a Man Loves a Woman,"Victor's Restaurant, The Westin St. Francis Hotel (335 Powell Street)",37.795219,-122.420782
When a Man Loves a Woman,Spring Valley School (1451 Jackson Street),37.792716,-122.403828
When a Man Loves a Woman,"International Studies Academy (993 Vermont Street, Potrero Hill)",37.795219,-122.420782
When a Man Loves a Woman,766 Vallejo Street at Stockton Street (North Beach),37.79857,-122.408808
Woman on the Run,Cable Car Signal Box (California Street at Powell Street),37.795219,-122.420782
Woman on the Run,819 Mason Street at Pine,37.790881,-122.410623
Woman on the Run,772 Commercial Street at Kearney,37.794021,-122.40471
Woman on the Run,1801 Laguna at Bush,37.787651,-122.428525
Woman on the Run,Fomer Hall of Justice (750 Kearny Street at Washington),37.795219,-122.420782
Woman on the Run,835-865 Market Street at 5th Street,37.783991,-122.408067
Woman on Top,312 Fillmore Street,37.7723571,-122.430268
"Yours, Mine and Ours",,37.795219,-122.420782
Zodiac,SF Chronicle Building (901 Mission St),37.795219,-122.420782